,Trade date,Stock exchange,"Bid (at close), %","Ask (at close), %","Bid-ask spread, bp","Mid price, %","Open, %","Min, %","Max, %","Last, %","Weighted average price, %","Market price, %","Market price 2 (pension savings), %","Accepted quote, %","Close, %","Indicative price, %",Indicative price type,Daily trading volume,Number of trades,Volume in securities,"Current coupon rate, %",Maturity date,"YTM, effective (indicative), %","YTM (bid), %","YTM (ask), %","YTM (last), %","YTM (close), %",ACI,Duration,Modified duration,Put/call date,"Yield to put/call, effective (indicative), %","Yield to put/call (bid), %","Yield to put/call (ask), %","Yield to put/call (last), %","Yield to put/call (close), %",Duration to put/call,Modified duration to put/call,"G-spread, bp","G-spread, bp.1",G-spread benchmark
0,2021-12-30,Moscow Exchange T+,95.09,95.2,10.999999999999943,95.145,95.2,95.05,95.2,95.2,95.2,95.2,95.2,95.2,95.2,95.2,Avg,4010772.7,17.0,4213.0,8.05,2026-06-05,9.617684093574,9.6510611791268,9.617684093574,9.617684093574,9.617684093574,4.41,1379.7977177203,3.4485929446883,,,,,,,,,120.06033739339,,
1,2021-12-29,Moscow Exchange T+,94.54,94.85,30.999999999998806,94.695,97.17,94.85,97.48,94.86,97.05,94.74,,94.86,94.86,97.05,Avg,171775.7,10.0,177.0,8.05,2026-06-05,9.063742350329,9.8180138397901,9.7233893899714,9.7203440023314,9.7203440023314,4.19,1383.5104218285,3.4754350347555,,,,,,,,,58.816745013485,,
2,2021-12-28,Moscow Exchange T+,94.5,94.57,6.999999999999318,94.535,98.7,94.45,98.75,94.54,94.72,94.72,94.72,94.54,94.54,94.72,Avg,3188329.4,30.0,3366.0,8.05,2026-06-05,9.762324570653,9.8295258013936,9.8081204982555,9.8172915562843,9.8172915562843,3.97,1381.087104918,3.4472669035092,,,,,,,,,131.67076364149,,
3,2021-12-27,Moscow Exchange T+,94.88,95.35,46.999999999999886,95.115,98.12,95.03,98.5,95.03,95.62,95.62,95.62,95.03,95.03,95.62,Avg,1564318.4,19.0,1636.0,8.05,2026-06-05,9.4890521394344,9.7129166122813,9.5704583282056,9.6673470053916,9.6673470053916,3.75,1383.4288851168,3.4617306932028,,,,,,,,,101.36198251937,,
4,2021-12-24,Moscow Exchange T+,95.3,95.95,65.00000000000057,95.625,96.41,96.4,96.42,96.4,96.4,94.01,,96.4,96.4,96.4,Avg,102185.9,8.0,106.0,8.05,2026-06-05,9.2543220987022,9.5837707978745,9.3884753260999,9.2543220987022,9.2543220987022,3.09,1387.5787131374,3.4795744849439,,,,,,,,,83.456594727173,,
5,2021-12-23,Moscow Exchange T+,96.8,96.98,18.000000000000682,96.89,99.99,94.04,99.99,97.0,96.56,93.98,,97.01,97.01,96.56,Avg,75318.6,24.0,78.0,8.05,2026-06-05,9.2064218538249,9.1354168024472,9.082319904023,9.076428519196,9.0734834459862,2.87,1388.8130446025,3.4841973401339,,,,,,,,,71.030143004827,,
6,2021-12-22,Moscow Exchange T+,94.81,94.97,15.99999999999966,94.89,93.01,93.01,99.46,95.1,96.11,93.96,,95.1,95.1,96.11,Avg,24027.1,14.0,25.0,8.05,2026-06-05,9.339734487101,9.7308620128078,9.68233041567,9.6429803843853,9.6429803843853,2.65,1389.1606098338,3.4808201216602,,,,,,,,,78.186015260438,,
7,2021-12-21,Moscow Exchange T+,96.28,97.14,85.99999999999994,96.71,93.02,93.01,95.09,95.09,94.6,93.96,,95.07,95.07,94.6,Avg,42568.8,9.0,45.0,8.05,2026-06-05,9.7940342118134,9.288675699708,9.034598562336,9.6453836656944,9.6514306058662,2.43,1387.9311903312,3.4633495651056,,,,,,,,,115.14299752514,,
8,2021-12-20,Moscow Exchange T+,94.07,94.32,25.0,94.195,94.26,94.09,94.48,94.17,94.29,93.95,,94.17,94.17,94.29,Avg,43375.3,14.0,46.0,8.05,2026-06-05,9.8878815605214,9.955231547422,9.8787140560201,9.9245913473237,9.9245913473237,2.21,1388.4694821356,3.4617338367367,,,,,,,,,123.16641841199,,
9,2021-12-17,Moscow Exchange T+,93.86,93.95,9.000000000000341,93.905,94.38,93.95,94.39,93.95,94.14,93.95,,93.95,93.95,94.14,Avg,32006.3,9.0,34.0,8.05,2026-06-05,9.9318137762767,10.017629145386,9.9900076394403,9.9900076394403,9.9900076394403,1.54,1391.2532089264,3.4672880363392,,,,,,,,,126.24802977477,,
10,2021-12-16,Moscow Exchange T+,94.04,94.43,39.00000000000006,94.235,94.41,94.1,94.44,94.44,94.37,93.95,,94.44,94.44,94.37,Avg,6606.1,6.0,7.0,8.05,2026-06-05,9.8608652276926,9.9616552508229,9.8425913377611,9.8395472267926,9.8395472267926,1.32,1392.6024372302,3.4728919485468,,,,,,,,,110.69797691126,,
11,2021-12-15,Moscow Exchange T+,93.8,94.37,57.00000000000074,94.085,94.47,94.47,94.47,94.47,94.47,93.95,,94.47,94.47,94.47,Avg,5668.2,2.0,6.0,8.05,2026-06-05,9.8297181206676,10.034459619472,9.8601507834694,9.8297181206676,9.8297181206676,1.1,1393.7556802039,3.4767536311911,,,,,,,,,105.4282641402,,
12,2021-12-14,Moscow Exchange T+,93.8,94.16,35.99999999999994,93.98,93.81,93.8,93.81,93.81,93.81,93.95,,93.81,93.81,93.81,Avg,60035.5,21.0,64.0,8.05,2026-06-05,10.030592808438,10.033661770062,9.9234591201664,10.030592808438,10.030592808438,0.88,1393.7666139674,3.4704336048173,,,,,,,,,123.83160443408,,
13,2021-12-13,Moscow Exchange T+,94.08,94.66,57.99999999999983,94.37,94.12,94.05,94.44,94.44,94.17,93.95,93.95,94.44,94.44,94.17,Avg,3766.6,3.0,4.0,8.05,2026-06-05,9.9196668230197,9.9471460867992,9.7706824910596,9.8374431914255,9.8374431914255,0.66,1395.313015665,3.4777901861171,,,,,,,,,116.88411046508,,
14,2021-12-10,Moscow Exchange T+,94.31,95.18,87.00000000000045,94.745,94.0,93.8,94.87,94.31,93.95,93.95,93.95,94.32,94.32,93.95,Avg,19304142.0,43.0,20547.0,8.05,2026-06-05,9.9846003871679,9.8748530668934,9.6119694848506,9.8748530668934,9.8718126778049,,1397.9932316309,3.4824133827295,,,,,,,,,126.70011657122,,
15,2021-12-09,Moscow Exchange T+,95.48,95.5,1.999999999999602,95.49,98.5,95.48,98.5,95.5,95.54,94.94,,95.5,95.5,95.54,Avg,225484.7,16.0,236.0,8.05,2026-06-05,9.5033206095746,9.5212433672677,9.5152674124974,9.5152674124974,9.5152674124974,39.92,1344.898246672,3.3648776220637,,,,,,,,,76.494456916135,,
16,2021-12-08,Moscow Exchange T+,96.48,98.49,200.9999999999991,97.485,98.49,96.98,98.49,98.49,97.38,94.86,,97.32,97.32,97.38,Avg,160678.0,17.0,165.0,8.05,2026-06-05,8.9604785082332,9.2238413710589,8.6401822328181,8.6401822328181,8.977932980059,39.7,1349.473835153,3.3931464326131,,,,,,,,,17.485075453393,,
17,2021-12-07,Moscow Exchange T+,94.58,94.6,1.999999999999602,94.59,93.49,93.49,94.72,94.6,94.6,94.6,94.6,94.6,94.6,94.6,Avg,1556146.6,20.0,1645.0,8.05,2026-06-05,9.7839420319347,9.7899890394295,9.7839420319347,9.7839420319347,9.7839420319347,39.48,1345.0420432326,3.3566354291742,,,,,,,,,100.32725612583,,
18,2021-12-06,Moscow Exchange T+,93.62,94.96,133.99999999999892,94.29,100.0,92.7,100.0,94.4,95.04,96.85,,94.35,94.35,95.04,Avg,22809.6,10.0,24.0,8.05,2026-06-05,9.6504505712781,10.081183480363,9.6744838171901,9.8434916199468,9.8586479532015,39.26,1346.9256983055,3.3654283893881,,,,,,,,,89.902977631119,,
19,2021-12-03,Moscow Exchange T+,97.37,98.48,110.99999999999994,97.925,97.02,97.02,97.38,97.37,97.33,96.88,,97.37,97.37,97.33,Avg,35040.4,14.0,36.0,8.05,2026-06-05,8.972353248563,8.9607477231382,8.6412536594548,8.9607477231382,8.9607477231382,38.6,1354.3958330879,3.4051513110351,,,,,,,,,28.735956121313,,
20,2021-12-02,Moscow Exchange T+,95.6,96.75,115.00000000000055,96.175,95.6,95.6,97.03,97.03,96.67,96.87,,97.02,97.02,96.67,Avg,3866.7,4.0,4.0,8.05,2026-06-05,9.1641556674386,9.4797846356693,9.1407480941844,9.0590281982363,9.0619412479173,38.38,1354.1346013455,3.398512807819,,,,,,,,,47.79292182048,,
21,2021-12-01,Moscow Exchange T+,96.06,97.45,139.00000000000006,96.755,97.09,96.0,97.42,97.42,96.88,96.87,,97.42,97.42,96.88,Avg,24220.9,19.0,25.0,8.05,2026-06-05,9.1024642651295,9.343081877092,8.9368295983459,8.9455143842664,8.9455143842664,38.15,1355.5405377417,3.4039649951609,,,,,,,,,41.278180173815,,
22,2021-11-30,Moscow Exchange T+,95.28,96.98,170.00000000000028,96.13,96.07,96.06,97.39,97.39,96.34,96.87,,97.39,97.39,96.34,Avg,41425.7,8.0,43.0,8.05,2026-06-05,9.2599314051088,9.5737256699865,9.0727331589117,8.9536887451215,8.9536887451215,37.93,1355.5038737135,3.3989672108444,,,,,,,,,58.11941757755,,
23,2021-11-29,Moscow Exchange T+,95.22,98.39,317.00000000000017,96.805,97.14,97.0,98.5,98.5,97.85,96.89,,98.16,98.16,97.85,Avg,53815.3,13.0,55.0,8.05,2026-06-05,8.8204919304306,9.5907812901481,8.665807446065001,8.634438820373399,8.731550401948,37.71,1359.3926437712,3.422483524494,,,,,,,,,14.527157596065,,
24,2021-11-26,Moscow Exchange T+,95.56,96.73,117.00000000000016,96.145,97.18,95.51,97.18,96.81,96.17,96.84,,96.8,96.8,96.17,Avg,14425.3,10.0,15.0,8.05,2026-06-05,9.3071568649158,9.4872139923004,9.1432192804982,9.1199048476914,9.1228177207948,37.05,1359.1926430572,3.4067444138472,,,,,,,,,48.824888954125,,
25,2021-11-25,Moscow Exchange T+,96.7,96.99,28.999999999999204,96.845,97.16,97.16,97.17,97.17,97.16,96.85,96.83,97.17,97.17,97.16,Avg,3886.5,3.0,4.0,8.05,2026-06-05,9.017672720067,9.151360641194,9.0669788306802,9.0147760081594,9.0147760081594,36.83,1362.0980528635,3.4230922328341,,,,,,,,,18.80467150196,,
26,2021-11-24,Moscow Exchange T+,96.34,96.95,60.99999999999994,96.645,97.17,97.06,97.17,97.06,97.12,96.85,96.83,97.06,97.06,97.12,Avg,1942.3,2.0,2.0,8.05,2026-06-05,9.028721511299,9.2559286896803,9.0780294056279,9.0461109099569,9.0461109099569,36.61,1363.0254334305,3.4250757086855,,,,,,,,,10.221519765631,,
27,2021-11-23,Moscow Exchange T+,94.38,96.31,193.00000000000068,95.345,96.03,96.03,97.01,96.35,96.83,96.83,96.83,96.35,96.35,96.83,Avg,1242320.6,21.0,1283.0,8.05,2026-06-05,9.1123217898404,9.8370958410583,9.2640539678077,9.2523428011063,9.2523428011063,36.39,1363.475691497,3.4235820285382,,,,,,,,,9.9108867470104,,
28,2021-11-22,Moscow Exchange T+,93.18,95.51,232.99999999999983,94.345,95.52,90.03,97.38,96.05,93.82,95.66,,96.05,96.05,93.82,Avg,171692.3,56.0,183.0,8.05,2026-06-05,10.005306955674,10.200336873507,9.4988897070841,9.3396371156292,9.3396371156292,36.17,1358.5740747102,3.3835828976238,,,,,,,,,104.07625603892,,
29,2021-11-19,Moscow Exchange T+,96.1,96.3,20.000000000000284,96.2,97.45,95.56,97.45,96.3,96.29,97.8,,96.3,96.3,96.29,Avg,246496.2,10.0,256.0,8.05,2026-06-05,9.2672704690753,9.3228883526103,9.2643473404907,9.2643473404907,9.2643473404907,35.51,1366.4555168933,3.4261986492769,,,,,,,,,57.873395056412,,
30,2021-11-18,Moscow Exchange T+,96.0,96.3,29.999999999999716,96.15,96.99,96.99,97.0,97.0,96.99,98.12,,97.0,97.0,96.99,Avg,2909.8,3.0,3.0,8.05,2026-06-05,9.0630925060977,9.3515223137882,9.263694439684,9.0601994803146,9.0601994803146,35.29,1368.7994729552,3.4385010145694,,,,,,,,,43.660508568387,,
31,2021-11-17,Moscow Exchange T+,95.85,96.95,110.00000000000084,96.4,97.49,97.42,97.49,97.42,95.93,98.13,,97.42,97.42,95.93,Avg,2924.0,2.0,3.0,8.05,2026-06-05,9.3713622731195,9.3948570663513,9.0741162847201,8.9385745593117,8.9385745593117,35.07,1367.7692668593,3.4262287512986,,,,,,,,,86.792801021043,,
32,2021-11-16,Moscow Exchange T+,95.94,96.49,54.99999999999971,96.215,97.35,95.87,97.35,96.5,96.27,98.13,,96.49,96.49,96.27,Avg,44283.4,14.0,46.0,8.05,2026-06-05,9.2711527186313,9.3677244354944,9.2070208861768,9.2041105195936,9.2070208861768,34.85,1369.4299354178,3.4335346003186,,,,,,,,,76.953247962172,,
33,2021-11-15,Moscow Exchange T+,96.17,96.49,31.99999999999932,96.33,97.4,95.53,98.5,96.5,98.17,98.17,98.17,96.5,96.5,98.17,Avg,1160330.0,21.0,1182.0,8.05,2026-06-05,8.723375429197699,9.2997038847629,9.2064037947339,9.2034949361169,9.2034949361169,34.63,1374.0292840536,3.4624235837666,,,,,,,,,34.202722981091,,
34,2021-11-12,Moscow Exchange T+,97.11,97.44,32.99999999999983,97.275,97.48,97.11,97.48,97.48,97.24,96.5,96.5,97.48,97.48,97.24,Avg,8751.8,6.0,9.0,8.05,2026-06-05,8.9881538728981,9.0255529757516,8.9307490035201,8.9192872013832,8.9192872013832,33.96,1375.2920279894,3.4571861532297,,,,,,,,,65.842585818593,,
35,2021-11-11,Moscow Exchange T+,96.71,97.46,75.0,97.085,96.51,96.5,97.49,97.32,96.52,96.5,96.5,97.32,97.32,96.52,Avg,29293598.1,14.0,30356.0,8.05,2026-06-05,9.1955413619751,9.1404792889472,8.924553474052301,8.964688221709299,8.964688221709299,33.74,1374.9279806177,3.4497067621177,,,,,,,,,95.842999730856,,
36,2021-11-10,Moscow Exchange T+,96.58,97.39,81.00000000000023,96.985,96.37,96.37,97.5,97.39,97.18,96.0,,97.39,97.39,97.18,Avg,35958.2,11.0,37.0,8.05,2026-06-05,9.0043982323057,9.177545187725,8.94413897335,8.94413897335,8.94413897335,33.52,1377.1852899281,3.4614294877566,,,,,,,,,71.501612185823,,
37,2021-11-09,Moscow Exchange T+,96.01,96.44,42.99999999999926,96.225,97.39,96.0,97.39,96.0,96.09,96.09,96.09,96.0,96.0,96.09,Avg,44773641.8,22.0,46597.0,8.05,2026-06-05,9.3193713555878,9.3427165687558,9.2175453082719,9.3456365766611,9.3456365766611,33.3,1376.1121211144,3.4487668087394,,,,,,,,,101.27970202607,,
38,2021-11-08,Moscow Exchange T+,97.41,97.42,1.0000000000005116,97.415,97.85,96.1,97.87,97.42,96.61,98.15,,97.42,97.42,96.61,Avg,28015.5,11.0,29.0,8.05,2026-06-05,9.1676843994712,8.937477063132999,8.9346157074886,8.9346157074886,8.9346157074886,33.08,1378.1113740644,3.4585762452929,,,,,,,,,76.927496961263,,
39,2021-11-05,Moscow Exchange T+,97.19,98.23,104.00000000000064,97.71,97.42,97.16,97.42,97.16,97.21,98.23,98.21,97.21,97.21,97.21,Avg,4860.6,2.0,5.0,8.05,2026-06-05,8.993317158928301,8.9990482270286,8.7031344839864,9.0076478276427,8.993317158928301,32.42,1382.2581031411,3.474532751613,,,,,,,,,55.230377528341,,
40,2021-11-03,Moscow Exchange T+,97.08,97.89,81.00000000000023,97.485,,,,,,98.23,98.22,98.24,98.24,98.23,Market,,,,8.05,2026-06-05,8.7024603631987,9.0295895759268,8.7986343569527,,8.699638544562301,31.98,1386.1663065728,3.4936798079175,,,,,,,,,22.829784477287,,
41,2021-11-02,Moscow Exchange T+,97.12,98.25,112.99999999999956,97.685,97.1,97.0,98.25,98.25,98.22,98.22,98.22,98.24,98.24,98.22,Avg,508797.1,14.0,518.0,8.05,2026-06-05,8.7049468242497,9.017628101718,8.6964856750329,8.6964856750329,8.6993056692654,31.76,1387.1500183982,3.4960791760973,,,,,,,,,26.594675351153,,
42,2021-11-01,Moscow Exchange T+,97.02,97.7,68.00000000000068,97.36,97.84,97.0,98.03,97.01,97.04,98.14,,97.01,97.01,97.04,Avg,102864.5,16.0,106.0,8.05,2026-06-05,9.0400510424943,9.0457840168342,8.851756509505,9.0486511047801,9.0486511047801,31.54,1385.9509601582,3.4823222127454,,,,,,,,,60.775874142944,,
43,2021-10-29,Moscow Exchange T+,98.49,98.5,1.0000000000005116,98.495,97.36,97.36,98.49,98.49,98.37,98.27,,98.49,98.49,98.37,Avg,466279.9,13.0,474.0,8.05,2026-06-05,8.6614370209677,8.6277516067333,8.6249469971892,8.6277516067333,8.6277516067333,30.88,1391.4349787408,3.5082829117672,,,,,,,,,25.357077770317,,
44,2021-10-28,Moscow Exchange T+,97.34,97.35,0.9999999999990904,97.345,97.09,96.0,97.34,97.34,96.91,97.13,,97.34,97.34,96.91,Avg,55239.2,16.0,57.0,8.05,2026-06-05,9.0752709777443,8.9524248136177,8.9495766788673,8.9524248136177,8.9524248136177,30.66,1389.7193903982,3.4906632369765,,,,,,,,,67.530649492722,,
45,2021-10-27,Moscow Exchange T+,97.35,97.97,62.000000000000455,97.66,97.42,97.15,97.42,97.16,97.16,97.18,,97.16,97.16,97.16,Avg,447913.6,8.0,461.0,8.05,2026-06-05,9.0032823971224,8.9491273597345,8.7734021056913,9.0032823971224,9.0032823971224,30.44,1391.1926224081,3.4966714331119,,,,,,,,,82.383148271549,,
46,2021-10-26,Moscow Exchange T+,97.46,97.99,53.000000000000114,97.725,97.51,97.45,98.02,97.99,97.55,98.11,,97.95,97.95,97.55,Avg,30240.1,16.0,31.0,8.05,2026-06-05,8.8918579628298,8.917408358857,8.7674029386265,8.7674029386265,8.7786857336662,30.22,1392.924396882,3.5046065846694,,,,,,,,,69.762732438553,,
47,2021-10-25,Moscow Exchange T+,97.19,97.97,78.00000000000011,97.58,97.58,97.01,97.95,97.63,97.28,98.23,,97.63,97.63,97.28,Avg,226652.7,27.0,233.0,8.05,2026-06-05,8.9684344688346,8.9940684370808,8.772968803489501,8.8690513851144,8.8690513851144,29.99,1393.421575592,3.5033937822408,,,,,,,,,80.910248923001,,
48,2021-10-22,Moscow Exchange T+,98.01,99.48,146.9999999999999,98.745,100.01,97.37,100.01,98.09,98.97,99.53,,98.1,98.1,98.97,Avg,386988.4,20.0,391.0,8.05,2026-06-05,8.4923323501543,8.7606523566345,8.351215377044,8.7381567239156,8.7353465161854,29.33,1399.5412649412,3.534221771176,,,,,,,,,62.976141426987,,
49,2021-10-21,Moscow Exchange T+,100.01,101.0,98.99999999999947,100.505,,,,,100.02,100.16,,100.87,100.87,100.02,Avg,,,,8.05,2026-06-05,8.202795630448,8.2055317372854,7.9364369321811,,7.9715689196609,29.11,1402.4308335699,3.5509953638155,,,,,,,,,62.12623639059,,
50,2021-10-20,Moscow Exchange T+,100.01,101.0,98.99999999999947,100.505,100.61,100.61,101.0,101.0,100.87,100.16,,100.87,100.87,100.87,Avg,3026.1,2.0,3.0,8.05,2026-06-05,7.9716215567137,8.205467514841699,7.9365071043049005,7.9365071043049005,7.9716215567137,28.89,1404.9353384603,3.5649533257848,,,,,,,,,47.100599551089,,
51,2021-10-19,Moscow Exchange T+,100.06,100.61,54.99999999999971,100.335,,,,,,100.16,,100.26,100.26,100.16,Market,,,,8.05,2026-06-05,8.1644427982773,8.1917414912744,8.042052924356401,,8.1371809153592,28.67,1404.6806951136,3.5579532062698,,,,,,,,,67.633920027478,,
52,2021-10-18,Moscow Exchange T+,100.0,100.27,26.9999999999996,100.135,101.9,100.26,101.9,100.26,100.92,100.16,,100.26,100.26,100.92,Avg,10092.1,5.0,10.0,8.05,2026-06-05,7.9582310589266,8.2080755789931,8.1344306486725,8.1371534579355,8.1371534579355,28.45,1407.0223710889,3.5706918994425,,,,,,,,,44.892821369401,,
53,2021-10-15,Moscow Exchange T+,100.23,100.59,35.99999999999994,100.41,101.95,100.22,101.95,100.58,100.92,100.16,,100.58,100.58,100.92,Avg,3027.5,3.0,3.0,8.05,2026-06-05,7.9584232692042995,8.1452374204025,8.0475531943206,8.0502602648357,8.0502602648357,27.79,1410.0211218911,3.5782956529405,,,,,,,,,53.981024832074,,
54,2021-10-14,Moscow Exchange T+,100.03,100.1,6.999999999999318,100.065,102.0,100.1,102.0,100.1,100.34,100.16,,100.1,100.1,100.34,Avg,8027.0,3.0,8.0,8.05,2026-06-05,8.1153278164887,8.199658218929,8.180585031849,8.180585031849,8.180585031849,27.57,1410.0005207246,3.5730503743463,,,,,,,,,73.823342037976,,
55,2021-10-13,Moscow Exchange T+,100.45,101.53,107.99999999999984,100.99,101.01,101.0,101.57,101.01,101.04,100.15,,101.01,101.01,101.04,Avg,19196.7,5.0,19.0,8.05,2026-06-05,7.926275896722499,8.0854933486083,7.7949956778242,7.934341376330501,7.934341376330501,27.35,1412.2300156662,3.5849688117607,,,,,,,,,53.69503968812,,
56,2021-10-12,Moscow Exchange T+,100.19,101.59,140.00000000000057,100.89,100.43,100.43,100.43,100.43,100.43,100.15,,100.43,100.43,100.43,Avg,3012.9,2.0,3.0,8.05,2026-06-05,8.0909159113854,8.1560294852783,7.7791368344904,8.0909159113854,8.0909159113854,27.13,1412.1594230658,3.5793293946917,,,,,,,,,66.923253106686,,
57,2021-10-11,Moscow Exchange T+,100.1,101.49,139.00000000000006,100.795,,,,,,100.15,,101.2,101.2,100.15,Market,,,,8.05,2026-06-05,8.1668691647167,8.1804616282618,7.8059700008585,,7.8835275135862,26.91,1412.664890818,3.5780963239961,,,,,,,,,76.284351204706,,
58,2021-10-08,Moscow Exchange T+,100.07,101.2,113.00000000000097,100.635,101.5,101.2,101.5,101.2,101.49,100.15,,101.2,101.2,101.49,Avg,23342.0,4.0,23.0,8.05,2026-06-05,7.806412239192401,8.1884980549797,7.883855181291401,7.883855181291401,7.883855181291401,26.25,1418.0082532964,3.6036391879925,,,,,,,,,44.01698842956,,
59,2021-10-07,Moscow Exchange T+,100.02,100.34,32.00000000000074,100.18,100.32,100.32,100.34,100.34,100.33,100.15,,100.34,100.34,100.33,Avg,140462.2,5.0,140.0,8.05,2026-06-05,8.1182599069317,8.2023116015837,8.115554403353,8.115554403353,8.115554403353,26.02,1416.9814323271,3.5906431659435,,,,,,,,,69.195868819921,,
60,2021-10-06,Moscow Exchange T+,99.3,100.0,70.00000000000028,99.65,99.9,99.0,102.0,100.0,100.5,100.15,100.15,100.0,100.0,100.5,Avg,22109.0,5.0,22.0,8.05,2026-06-05,8.0723357663,8.3987529303095,8.2076997427354,8.2076997427354,8.2076997427354,25.8,1418.2803374193,3.5954618053005,,,,,,,,,56.116926168906,,
61,2021-10-05,Moscow Exchange T+,100.17,100.5,32.99999999999983,100.335,100.98,100.98,101.59,101.59,101.01,100.15,100.15,101.59,101.59,101.01,Avg,36362.1,3.0,36.0,8.05,2026-06-05,7.9352866310516,8.161550997381301,8.0723569638928,7.780533478551,7.780533478551,25.58,1420.1714711543,3.604827359368,,,,,,,,,44.40687664414,,
62,2021-10-04,Moscow Exchange T+,99.15,100.49,133.99999999999892,99.82,101.6,99.12,101.6,100.17,100.15,100.15,100.15,100.15,100.15,100.15,Avg,22443609.2,7.0,22410.0,8.05,2026-06-05,8.166945471535,8.439612428394,8.0750751110455,8.1615296799783,8.166945471535,25.36,1419.6643937819,3.5958226173975,,,,,,,,,81.141846256871,,
63,2021-10-01,Moscow Exchange T+,100.02,100.95,93.00000000000068,100.485,100.95,100.95,100.95,100.95,100.95,100.95,,100.95,100.95,100.95,Avg,1009.5,1.0,1.0,8.05,2026-06-05,7.951697839312801,8.2020679481629,7.951697839312801,7.951697839312801,7.951697839312801,24.7,1424.0648297365,3.6141603669241,,,,,,,,,69.894135403066,,
64,2021-09-30,Moscow Exchange T+,99.81,101.0,118.99999999999976,100.405,100.99,100.99,100.99,100.99,100.99,100.95,,100.99,100.99,100.99,Avg,1009.9,1.0,1.0,8.05,2026-06-05,7.9410906267954,8.2589746637052,7.9384181440536,7.9410906267954,7.9410906267954,24.48,1425.1337584497,3.61722864562,,,,,,,,,71.188159434432,,
65,2021-09-29,Moscow Exchange T+,99.02,99.8,78.00000000000011,99.41,100.01,99.79,100.01,99.8,99.8,100.94,,99.8,99.8,99.8,Avg,52896.0,5.0,53.0,8.05,2026-06-05,8.261626532578,8.4744780351579,8.261626532578,8.261626532578,8.261626532578,24.26,1424.0473626958,3.6037696354488,,,,,,,,,108.6735369072,,
66,2021-09-28,Moscow Exchange T+,100.05,101.54,149.0000000000009,100.795,101.58,101.58,101.59,101.59,101.59,101.05,,101.59,101.59,101.59,Avg,10158.9,2.0,10.0,8.05,2026-06-05,7.7817125888564,8.1938505514794,7.794961018361899,7.7817125888564,7.7817125888564,24.04,1428.1684954977,3.6302915444938,,,,,,,,,58.031004837046,,
67,2021-09-27,Moscow Exchange T+,100.06,100.99,92.99999999999926,100.525,101.09,101.09,102.0,101.99,101.92,101.03,,102.0,102.0,101.92,Avg,62169.7,8.0,61.0,8.05,2026-06-05,7.6947077596518,8.1911200660656,7.941371879793301,7.676264538565899,7.6736311859954,23.82,1429.7326099206,3.6372034662651,,,,,,,,,49.868639476172,,
68,2021-09-24,Moscow Exchange T+,100.39,100.98,59.00000000000034,100.685,100.99,100.1,101.0,100.1,100.36,100.8,,100.1,100.1,100.36,Avg,7024.9,4.0,7.0,8.05,2026-06-05,8.1102605356106,8.1021997331132,7.9443282330892,8.1802573350106,8.1802573350106,23.16,1430.0335081572,3.623985367289,,,,,,,,,92.727603474461,,
69,2021-09-23,Moscow Exchange T+,101.38,102.99,160.99999999999994,102.185,101.19,101.19,103.0,103.0,102.2,100.8,,102.91,102.91,102.2,Avg,17373.8,5.0,17.0,8.05,2026-06-05,7.6220481144154,7.8381523162224,7.4160492678814,7.413455343915699,7.4368128819872,22.94,1434.2033069991,3.651040095973,,,,,,,,,50.236563142254,,
70,2021-09-22,Moscow Exchange T+,100.17,101.07,89.99999999999915,100.62,101.0,101.0,101.0,101.0,101.0,100.78,,101.0,101.0,101.0,Avg,10100.0,1.0,10.0,8.05,2026-06-05,7.9392008090061,8.1613750369303,7.9205759019266,7.9392008090061,7.9392008090061,22.72,1433.1460382036,3.6376288433665,,,,,,,,,88.742119263736,,
71,2021-09-21,Moscow Exchange T+,100.09,101.01,92.00000000000016,100.55,100.75,100.75,101.05,100.75,100.78,100.78,,100.75,100.75,100.78,Avg,218702.5,5.0,217.0,8.05,2026-06-05,7.997924280324099,8.1829057164264,7.9366431518274,8.0059313806793,8.0059313806793,22.5,1433.7643453339,3.6372194375417,,,,,,,,,92.503212877452,,
72,2021-09-20,Moscow Exchange T+,99.52,100.93,141.00000000000108,100.225,100.76,100.75,101.3,100.76,100.99,100.78,,101.16,101.16,100.99,Avg,150477.7,28.0,149.0,8.05,2026-06-05,7.9420671140918,8.3369314804663,7.9580318968881,8.003335060374301,7.896902952924501,22.28,1435.1274132832,3.6425612663573,,,,,,,,,85.300930263725,,
73,2021-09-17,Moscow Exchange T+,100.8,101.01,21.000000000000796,100.905,100.77,100.75,101.13,100.78,100.75,100.75,100.75,100.78,100.78,100.75,Avg,1060913.3,34.0,1053.0,8.05,2026-06-05,8.0064918676734,7.9931739995065,7.937336104670201,7.9985000772092,7.9985000772092,21.61,1437.7086373124,3.6469361288805,,,,,,,,,101.44858301563,,
74,2021-09-16,Moscow Exchange T+,100.77,101.0,23.0000000000004,100.885,100.41,100.4,101.03,100.78,100.65,101.19,,100.82,100.82,100.65,Avg,24155.3,9.0,24.0,8.05,2026-06-05,8.033217819623301,8.0012424666188,7.940099695677801,7.9985801724665,7.987934558078099,21.39,1438.5348273864,3.6481291471743,,,,,,,,,105.52484441616,,
75,2021-09-15,Moscow Exchange T+,100.43,101.19,75.99999999999909,100.81,101.73,100.03,102.19,101.57,100.5,101.2,,101.26,101.26,100.5,Avg,118590.6,32.0,118.0,8.05,2026-06-05,8.073304806261,8.0920095019069,7.8898653614101,7.7895594477045,7.8713498315076995,21.17,1439.2740317743,3.6486498978429,,,,,,,,,110.3228734287,,
76,2021-09-14,Moscow Exchange T+,100.99,101.3,31.000000000000227,101.145,101.02,101.02,101.3,101.3,101.3,101.3,101.31,101.3,101.3,101.3,Avg,895478.9,8.0,884.0,8.05,2026-06-05,7.8609257102687,7.9429712987733,7.8609257102687,7.8609257102687,7.8609257102687,20.95,1441.6544388271,3.6618804841126,,,,,,,,,91.92002250584,,
77,2021-09-13,Moscow Exchange T+,100.75,101.22,46.999999999999886,100.985,100.63,100.63,101.71,100.89,101.52,101.6,,100.9,100.9,101.52,Avg,71060.7,15.0,70.0,8.05,2026-06-05,7.8030821209798,8.0068037627481,7.8822056733834,7.969607599669599,7.966953394772899,20.73,1443.0298603655,3.6673408486764,,,,,,,,,89.21250934373,,
78,2021-09-10,Moscow Exchange T+,100.75,101.81,106.00000000000024,101.28,101.83,101.83,101.83,101.83,101.83,101.6,,101.83,101.83,101.83,Avg,1018.3,1.0,1.0,8.05,2026-06-05,7.722305629298,8.0070496662049,7.7275416249386994,7.722305629298,7.722305629298,20.07,1446.5537307452,3.6790531756622,,,,,,,,,81.533276205844,,
79,2021-09-09,Moscow Exchange T+,101.15,101.73,57.99999999999983,101.44,100.13,100.13,101.73,101.73,100.87,101.6,,101.73,101.73,100.87,Avg,32279.6,11.0,32.0,8.05,2026-06-05,7.9753080563395,7.9012458702392,7.748706868444501,7.748706868444501,7.748706868444501,19.85,1445.9113755589,3.6688027107656,,,,,,,,,103.91346438481,,
80,2021-09-08,Moscow Exchange T+,100.11,101.48,137.00000000000043,100.795,101.51,101.49,103.0,101.49,102.88,101.62,,101.49,101.49,102.88,Avg,192385.1,12.0,187.0,8.05,2026-06-05,7.4500462430759,8.1777435706993,7.8144894563494995,7.811862307188299,7.811862307188299,19.63,1450.3160730015,3.6979683416477,,,,,,,,,51.927531989393,,
81,2021-09-07,Moscow Exchange T+,101.88,101.99,10.999999999999943,101.935,101.34,101.34,101.85,101.85,101.59,101.41,,101.85,101.85,101.59,Avg,38605.3,9.0,38.0,8.05,2026-06-05,7.7858018198064,7.7099026855855,7.681189470001399,7.7177408127675,7.7177408127675,19.41,1449.1419690319,3.6834647077059,,,,,,,,,85.969994370406,,
82,2021-09-06,Moscow Exchange T+,100.61,101.35,73.99999999999949,100.98,100.63,100.6,101.35,101.34,100.73,101.41,,101.34,101.34,100.73,Avg,32233.8,13.0,32.0,8.05,2026-06-05,8.012695128542,8.0445352159848,7.848998921948399,7.851628464513801,7.851628464513801,19.19,1448.6682993788,3.6745257028815,,,,,,,,,110.89137497961,,
83,2021-09-03,Moscow Exchange T+,100.68,101.1,41.99999999999875,100.89,100.48,100.47,101.36,101.1,100.72,101.43,,101.09,101.09,100.72,Avg,41293.9,15.0,41.0,8.05,2026-06-05,8.0156048782874,8.0261989001394,7.915243754448801,7.915243754448801,7.9178783185246,18.53,1451.6493772295,3.6819879738044,,,,,,,,,114.46283588335,,
84,2021-09-02,Moscow Exchange T+,101.0,101.05,4.999999999999716,101.025,101.46,101.0,101.46,101.0,101.46,101.46,101.46,101.0,101.0,101.46,Avg,1071387.3,17.0,1056.0,8.05,2026-06-05,7.8208132509725,7.9417285778661,7.9285496842604,7.9417285778661,7.9417285778661,18.31,1453.9148051306,3.6943963907624,,,,,,,,,93.701476145835,,
85,2021-09-01,Moscow Exchange T+,100.55,101.82,126.9999999999996,101.185,100.08,100.08,101.53,101.53,101.2,101.1,,101.53,101.53,101.2,Avg,29347.2,13.0,29.0,8.05,2026-06-05,7.8894778205702,8.061069144004101,7.7271846101390995,7.8029297120396,7.8029297120396,18.08,1454.4690410952,3.6934525668566,,,,,,,,,103.895781987,,
86,2021-08-31,Moscow Exchange T+,101.02,101.61,59.00000000000034,101.315,101.1,100.54,101.1,101.1,101.1,101.1,101.1,101.1,101.1,101.1,Avg,3093592.4,11.0,3060.0,8.05,2026-06-05,7.9159174422246,7.9369742255051,7.7822062917625,7.9159174422246,7.9159174422246,17.86,1455.2973095713,3.6946504381693,,,,,,,,,106.74447458057,,
87,2021-08-30,Moscow Exchange T+,101.26,101.4,14.000000000000057,101.33,101.4,101.2,101.4,101.4,101.2,101.18,101.18,101.4,101.4,101.2,Avg,756991.5,5.0,748.0,8.05,2026-06-05,7.8897792515721,7.8740298200183,7.8373300027256,7.8373300027256,7.8373300027256,17.64,1456.4670835058,3.6985160266422,,,,,,,,,101.57476361397,,
88,2021-08-27,Moscow Exchange T+,101.4,101.42,1.999999999999602,101.41,100.5,100.5,101.42,101.42,100.61,101.84,,101.42,101.42,100.61,Avg,34206.8,4.0,34.0,8.05,2026-06-05,8.0455626523967,7.8378637450827,7.832633866562,7.832633866562,7.832633866562,16.98,1458.4545270162,3.6982229805187,,,,,,,,,118.14800091791,,
89,2021-08-26,Moscow Exchange T+,101.88,101.99,10.999999999999943,101.935,101.61,101.61,101.91,101.91,101.85,101.88,101.88,101.91,101.91,101.85,Avg,5092.3,3.0,5.0,8.05,2026-06-05,7.7207613175284,7.7129673210997,7.684415758346,7.705176415163099,7.705176415163099,16.76,1461.5637418146,3.7172817711026,,,,,,,,,80.901965297485,,
90,2021-08-25,Moscow Exchange T+,101.6,101.75,15.000000000000568,101.675,101.21,101.21,101.76,101.61,101.6,101.88,101.88,101.61,101.61,101.6,Avg,8127.8,5.0,8.0,8.05,2026-06-05,7.786037078378801,7.786037078378801,7.746987253602899,7.7834313412287,7.7834313412287,16.54,1462.1404428955,3.7164964365449,,,,,,,,,94.745647840069,,
91,2021-08-24,Moscow Exchange T+,101.61,101.88,26.9999999999996,101.745,101.66,101.62,101.88,101.62,101.88,101.88,101.88,101.62,101.62,101.88,Avg,1097225.2,7.0,1077.0,8.05,2026-06-05,7.7134470470554,7.783638809696599,7.7134470470554,7.7810346364171,7.7810346364171,16.32,1463.6111546227,3.7227418527948,,,,,,,,,87.279165459392,,
92,2021-08-23,Moscow Exchange T+,101.03,101.51,48.0000000000004,101.27,101.78,101.07,101.78,101.56,101.51,101.4,101.4,101.56,101.56,101.51,Avg,6090.8,4.0,6.0,8.05,2026-06-05,7.8098957763242,7.9354118308251,7.8098957763242,7.796867177198901,7.796867177198901,16.1,1463.9856499558,3.7203631077073,,,,,,,,,98.11421570379,,
93,2021-08-20,Moscow Exchange T+,100.64,101.65,101.00000000000053,101.145,101.4,100.85,102.06,102.06,101.4,101.15,101.16,102.06,102.06,101.4,Avg,50718229.7,6.0,50018.0,8.05,2026-06-05,7.839143460097101,8.0382622990416,7.7740828338935,7.667848581414099,7.667848581414099,15.44,1466.7958393953,3.7264935617337,,,,,,,,,101.44190794657,,
94,2021-08-19,Moscow Exchange T+,100.59,101.58,98.99999999999947,101.085,102.18,100.89,102.19,100.9,100.94,100.94,100.94,100.9,100.9,100.94,Avg,53413939.0,15.0,52916.0,8.05,2026-06-05,7.959552233868,8.051521175891601,7.792486580260399,7.970041204751201,7.970041204751201,15.22,1467.0137845617,3.7228904390113,,,,,,,,,113.61368182298,,
95,2021-08-18,Moscow Exchange T+,101.05,102.13,107.99999999999984,101.59,102.35,101.04,102.35,101.17,101.71,103.45,,101.17,101.17,101.71,Avg,23394.1,9.0,23.0,8.05,2026-06-05,7.7589497008747,7.9308816329557,7.6503188340994,7.8995089486642,7.8995089486642,15.0,1469.3161348391,3.7356745479311,,,,,,,,,95.070644793345,,
96,2021-08-17,Moscow Exchange T+,101.13,102.28,115.00000000000055,101.705,101.42,101.27,103.29,101.27,101.58,103.46,103.43,101.27,101.27,101.58,Avg,46727.5,8.0,46.0,8.05,2026-06-05,7.7929064143652,7.9101168986028,7.611962122934799,7.873576246486,7.873576246486,14.78,1470.0958793924,3.7364795861966,,,,,,,,,101.07149173695,,
97,2021-08-16,Moscow Exchange T+,101.84,103.3,145.99999999999935,102.57,103.3,103.3,103.3,103.3,103.3,103.44,103.44,103.3,103.3,103.3,Avg,4132.0,1.0,4.0,8.05,2026-06-05,7.3516795142943,7.7257456374389,7.3516795142943,7.3516795142943,7.3516795142943,14.56,1473.9515183938,3.7616769074651,,,,,,,,,55.000026666745,,
98,2021-08-13,Moscow Exchange T+,101.98,103.49,150.9999999999991,102.735,101.11,101.1,103.5,103.5,103.44,103.44,103.44,103.44,103.44,103.44,Avg,9312267.2,11.0,9003.0,8.05,2026-06-05,7.317737545573399,7.690605177315001,7.3050936430265,7.3025658483462,7.317737545573399,13.89,1477.170623502,3.7710847215694,,,,,,,,,46.588580866015,,
99,2021-08-12,Moscow Exchange T+,103.0,103.63,62.999999999999545,103.315,103.33,103.33,103.33,103.33,103.33,102.58,,103.33,103.33,103.33,Avg,1033.3,1.0,1.0,8.05,2026-06-05,7.346004794099501,7.429742608636,7.2701910338502,7.346004794099501,7.346004794099501,13.67,1477.9881560086,3.7721782258861,,,,,,,,,45.635209428312,,
100,2021-08-11,Moscow Exchange T+,101.32,101.33,1.0000000000005116,101.325,100.96,100.96,102.46,101.33,101.58,102.58,,101.33,101.33,101.58,Avg,3047.5,3.0,3.0,8.05,2026-06-05,7.794447246183999,7.8618968561547,7.8592983315739,7.8592983315739,7.8592983315739,13.45,1476.0858830867,3.7516504939538,,,,,,,,,92.465768463089,,
101,2021-08-10,Moscow Exchange T+,101.32,102.16,84.00000000000034,101.74,103.65,101.26,103.65,101.34,102.31,102.59,,101.34,101.34,102.31,Avg,45014.9,9.0,44.0,8.05,2026-06-05,7.6066088193038,7.8620825696601,7.6451025702012,7.8568882588352,7.8568882588352,13.23,1478.3032766204,3.7638449977964,,,,,,,,,72.118671995292,,
102,2021-08-09,Moscow Exchange T+,101.49,103.7,221.0000000000008,102.595,102.04,101.46,103.7,103.7,102.96,102.66,,103.7,103.7,102.96,Avg,99867.4,14.0,97.0,8.05,2026-06-05,7.4410563914273,7.818181857599201,7.2539411948394,7.2539411948394,7.2539411948394,13.01,1480.3741754845,3.7749253358841,,,,,,,,,59.258920209289,,
103,2021-08-06,Moscow Exchange T+,101.68,102.04,35.99999999999994,101.86,102.04,102.04,102.04,102.04,102.04,102.48,,102.04,102.04,102.04,Avg,3061.2,1.0,3.0,8.05,2026-06-05,7.6770465173343005,7.769719426388701,7.6770465173343005,7.6770465173343005,7.6770465173343005,12.35,1481.8470554933,3.7703996142793,,,,,,,,,86.098299095719,,
104,2021-08-05,Moscow Exchange T+,101.26,102.04,78.00000000000011,101.65,103.4,101.45,103.45,101.45,102.56,102.49,,101.45,101.45,102.56,Avg,149730.9,16.0,146.0,8.05,2026-06-05,7.5442962793237,7.8785811820011,7.677322135782701,7.8293646867389,7.8293646867389,12.13,1483.7065805872,3.7797909108053,,,,,,,,,74.657039743896,,
105,2021-08-04,Moscow Exchange T+,101.48,102.08,59.99999999999943,101.78,101.33,101.13,103.25,102.09,101.88,102.39,,102.09,102.09,101.88,Avg,148239.7,17.0,145.0,8.05,2026-06-05,7.718694495695801,7.8218154822622,7.6673381590491,7.6647738977346,7.6647738977346,11.91,1483.5771398166,3.773342150716,,,,,,,,,90.66370704308,,
106,2021-08-03,Moscow Exchange T+,102.15,103.4,125.0,102.775,103.0,103.0,103.4,103.4,103.09,102.43,,103.4,103.4,103.09,Avg,13402.0,4.0,13.0,8.05,2026-06-05,7.410441019378999,7.649685586164499,7.3321837658819,7.3321837658819,7.3321837658819,11.69,1486.5720034778,3.7918101544647,,,,,,,,,60.687396199841,,
107,2021-08-02,Moscow Exchange T+,100.75,103.32,256.9999999999993,102.035,103.22,100.58,103.48,103.32,103.12,102.42,,103.32,103.32,103.12,Avg,75277.9,23.0,73.0,8.05,2026-06-05,7.403257437033001,8.011680216735,7.3527754987768,7.3527754987768,7.3527754987768,11.47,1487.6184121938,3.7947330276385,,,,,,,,,59.882933276007,,
108,2021-07-30,Moscow Exchange T+,101.18,102.92,173.9999999999995,102.05,103.57,101.03,103.57,103.48,103.09,102.32,,103.48,103.48,103.09,Avg,18556.3,7.0,18.0,8.05,2026-06-05,7.412045102788401,7.900405486133399,7.4550165437484,7.3138226174595005,7.3138226174595005,10.81,1490.5616399816,3.8019297710882,,,,,,,,,63.986286170955,,
109,2021-07-29,Moscow Exchange T+,101.52,102.46,93.99999999999976,101.99,102.48,100.62,102.48,102.46,101.99,102.29,,102.47,102.47,101.99,Avg,9179.3,9.0,9.0,8.05,2026-06-05,7.6920728195322,7.8127894278173,7.5721025710092,7.5721025710092,7.5695580607947,10.59,1489.7496858307,3.7899781123324,,,,,,,,,90.383794596974,,
110,2021-07-28,Moscow Exchange T+,100.66,101.49,82.99999999999983,101.075,102.49,100.65,102.5,100.65,102.23,102.3,,100.65,100.65,102.23,Avg,135963.2,21.0,133.0,8.05,2026-06-05,7.631022953314701,8.0357557708342,7.820738437722,8.0383608871243,8.0383608871243,10.37,1491.1451871041,3.7956800629029,,,,,,,,,85.544725808719,,
111,2021-07-27,Moscow Exchange T+,102.0,102.47,46.999999999999886,102.235,100.68,100.59,102.47,101.39,101.22,102.19,,101.39,101.39,101.22,Avg,48584.7,19.0,48.0,8.05,2026-06-05,7.8906106916227,7.690068545579599,7.570222819610301,7.846725870502,7.846725870502,10.15,1490.4616838351,3.7848118959237,,,,,,,,,110.01220428316,,
112,2021-07-26,Moscow Exchange T+,102.12,102.4,28.000000000000114,102.26,102.52,100.53,102.52,102.51,102.5,102.16,,102.51,102.51,102.5,Avg,305444.6,6.0,298.0,8.05,2026-06-05,7.563189146047,7.6599474991366,7.5886050248007,7.5606493928928,7.5606493928928,9.92,1493.584329613,3.8042864798268,,,,,,,,,73.35875718412,,
113,2021-07-23,Moscow Exchange T+,101.11,,,,100.55,100.52,102.53,102.52,101.71,101.28,,102.52,102.52,101.71,Avg,167813.9,14.0,165.0,8.05,2026-06-05,7.7656313133428,7.9200262925770994,,7.559131766526201,7.559131766526201,9.26,1495.2728018874,3.801432574991,,,,,,,,,95.690246259972,,
114,2021-07-22,Moscow Exchange T+,101.03,101.3,26.9999999999996,101.165,100.55,100.01,101.53,101.53,100.86,101.16,,101.29,101.29,100.86,Avg,52447.9,9.0,52.0,8.05,2026-06-05,7.984872338584199,7.9408755860602,7.8712028978301,7.8120489998319,7.873778907362699,9.04,1494.8492016053,3.7926398170205,,,,,,,,,118.84067902226,,
115,2021-07-21,Moscow Exchange T+,100.57,101.25,68.00000000000068,100.91,101.25,101.25,101.25,101.25,100.8,101.19,101.19,101.25,101.25,100.8,Avg,64800.0,5.0,64.0,8.05,2026-06-05,8.0005687339576,8.0602739817256,7.884283040454999,7.884283040454999,7.884283040454999,8.82,1495.7471511586,3.7943665005405,,,,,,,,,113.67269490969,,
116,2021-07-20,Moscow Exchange T+,100.57,101.18,61.00000000000136,100.875,101.18,101.18,101.18,101.18,101.18,101.18,101.17,101.18,101.18,101.18,Avg,679929.6,8.0,672.0,8.05,2026-06-05,7.902515684096301,8.0603924395277,7.902515684096301,7.902515684096301,7.902515684096301,8.6,1497.3843632311,3.8019715174877,,,,,,,,,96.82976910508,,
117,2021-07-19,Moscow Exchange T+,100.57,101.25,68.00000000000068,100.91,101.3,100.55,101.3,101.25,101.0,101.27,,101.25,101.25,101.0,Avg,28279.9,11.0,28.0,8.05,2026-06-05,7.949138292956801,8.0605119785137,7.8846792528475,7.8846792528475,7.8846792528475,8.38,1498.0814631231,3.8020986925725,,,,,,,,,95.732251634985,,
118,2021-07-16,Moscow Exchange T+,100.67,101.35,67.99999999999926,101.01,100.56,100.56,101.35,101.35,101.18,101.28,101.29,101.34,101.34,101.18,Avg,252957.8,9.0,250.0,8.05,2026-06-05,7.9032834127983,8.0349539510387,7.859591662959301,7.859591662959301,7.8621590341228,7.72,1501.3793766429,3.8120880339198,,,,,,,,,90.858728916702,,
119,2021-07-15,Moscow Exchange T+,100.61,101.35,73.99999999999949,100.98,101.35,101.33,101.41,101.35,101.35,101.25,,101.35,101.35,101.35,Avg,453015.5,35.0,447.0,8.05,2026-06-05,7.8598055497548,8.0506321443805,7.8598055497548,7.8598055497548,7.8598055497548,7.5,1502.6617112151,3.8168819048077,,,,,,,,,83.286347253737,,
120,2021-07-14,Moscow Exchange T+,100.62,101.0,37.999999999999545,100.81,101.0,100.98,101.0,101.0,101.0,101.0,,101.0,101.0,101.0,Avg,297944.4,28.0,295.0,8.05,2026-06-05,7.9500013240272,8.0481715318615,7.9500013240272,7.9500013240272,7.9500013240272,7.28,1503.0758547079,3.8147438534391,,,,,,,,,89.513076805697,,
121,2021-07-13,Moscow Exchange T+,100.51,101.0,48.99999999999949,100.755,101.39,100.5,101.4,101.0,100.95,100.91,,101.0,101.0,100.95,Avg,346253.7,16.0,343.0,8.05,2026-06-05,7.963059857421199,8.0768015010277,7.950176916414501,7.950176916414501,7.950176916414501,7.06,1503.9909873639,3.8166047335944,,,,,,,,,90.19520080181,,
122,2021-07-12,Moscow Exchange T+,100.63,101.0,37.000000000000455,100.815,101.0,100.53,101.0,100.99,100.82,100.9,,100.99,100.99,100.82,Avg,111912.5,8.0,111.0,8.05,2026-06-05,7.996751642644099,8.045848632287,7.9503535008164,7.952928253576499,7.952928253576499,6.84,1504.7719696404,3.8173953084843,,,,,,,,,94.283142238242,,
123,2021-07-09,Moscow Exchange T+,100.91,100.99,7.999999999999829,100.95,100.75,100.75,100.99,100.99,100.79,100.9,,100.99,100.99,100.79,Avg,47369.3,6.0,47.0,8.05,2026-06-05,8.004958983207299,7.9740434066941,7.953460510209901,7.953460510209901,7.953460510209901,6.18,1507.7186047839,3.8245798548564,,,,,,,,,95.373993189804,,
124,2021-07-08,Moscow Exchange T+,100.53,100.99,45.999999999999375,100.76,101.4,101.0,101.4,101.0,101.1,100.9,100.9,101.0,101.0,101.1,Avg,4044.0,4.0,4.0,8.05,2026-06-05,7.9256434461079,8.072498451641499,7.9538969437206,7.951326732172399,7.951326732172399,5.95,1509.2341246091,3.8312377675953,,,,,,,,,83.562385767807,,
125,2021-07-07,Moscow Exchange T+,100.53,101.0,46.999999999999886,100.765,101.2,100.9,101.2,101.0,100.9,100.9,100.9,101.0,101.0,100.9,Avg,97229384.4,15.0,96362.0,8.05,2026-06-05,7.977214286138801,8.0726261395785,7.951508141220399,7.951508141220399,7.951508141220399,5.73,1509.8989843551,3.8310948967585,,,,,,,,,93.703864162591,,
126,2021-07-06,Moscow Exchange T+,101.15,101.24,8.99999999999892,101.195,101.3,101.15,101.3,101.15,101.23,100.52,,101.15,101.15,101.23,Avg,52639.6,10.0,52.0,8.05,2026-06-05,7.8927223458301,7.9132125448736,7.8901626036401,7.9132125448736,7.9132125448736,5.51,1511.4479697759,3.838028415465,,,,,,,,,85.617292115968,,
127,2021-07-05,Moscow Exchange T+,100.41,100.98,57.00000000000074,100.695,100.4,100.34,101.39,100.99,100.45,100.45,100.45,100.99,100.99,100.45,Avg,1356007.9,14.0,1350.0,8.05,2026-06-05,8.0935581890704,8.1039032427812,7.957007848327099,7.9544407074434,7.9544407074434,5.29,1511.1422259141,3.8301224946211,,,,,,,,,107.97155580512,,
128,2021-07-02,Moscow Exchange T+,100.31,100.74,42.99999999999926,100.525,100.73,100.4,100.74,100.4,100.66,100.66,100.66,100.4,100.4,100.66,Avg,1843080.2,26.0,1831.0,8.05,2026-06-05,8.0397777882974,8.130110707836801,8.019189642069,8.1068417413403,8.1068417413403,4.63,1514.4921575831,3.8405239878871,,,,,,,,,99.760120888498,,
129,2021-07-01,Moscow Exchange T+,100.3,100.78,48.0000000000004,100.54,100.99,100.1,100.99,100.78,100.11,100.11,100.11,100.78,100.78,100.11,Avg,3025189.8,12.0,3022.0,8.05,2026-06-05,8.182006580824499,8.1328057882659,8.0090662445095,8.0090662445095,8.0090662445095,4.41,1514.5662830343,3.8356625070983,,,,,,,,,113.72865225203,,
130,2021-06-30,Moscow Exchange T+,100.16,100.8,64.00000000000006,100.48,101.4,100.16,101.4,100.16,100.8,100.91,100.91,100.16,100.16,100.8,Avg,507033.6,6.0,503.0,8.05,2026-06-05,8.0040933558486,8.1691398751676,8.0040933558486,8.1691398751676,8.1691398751676,4.19,1516.7242333915,3.8474549709109,,,,,,,,,98.464989893492,,
131,2021-06-29,Moscow Exchange T+,100.2,100.95,75.0,100.575,100.12,100.12,100.98,100.95,100.94,100.94,100.94,100.95,100.95,100.94,Avg,1509115.2,11.0,1495.0,8.05,2026-06-05,7.9683599515652,8.158881628607,7.9657982234957,7.9657982234957,7.9657982234957,3.97,1517.9565386812,3.8518553392387,,,,,,,,,93.61947366543,,
132,2021-06-28,Moscow Exchange T+,100.8,101.0,20.000000000000284,100.9,101.0,100.8,101.44,100.8,100.96,101.34,,100.8,100.8,100.96,Avg,35336.6,8.0,35.0,8.05,2026-06-05,7.963422553318599,8.0044277732119,7.9531849169345,8.0044277732119,8.0044277732119,3.75,1518.9886300351,3.8546505720234,,,,,,,,,100.54946245149,,
133,2021-06-25,Moscow Exchange T+,100.5,100.6,9.999999999999432,,100.5,100.5,101.4,100.5,100.6,101.35,,101.17,101.17,100.6,Avg,177060.0,4.0,176.0,8.05,2026-06-05,8.056249410834699,8.0819571882486,8.056249410834699,8.0819571882486,7.9103692816787,3.09,1521.3850034708,3.8574151096557,,,,,,,,,117.48938364719,,
134,2021-06-24,Moscow Exchange T+,100.32,100.75,43.00000000000068,,101.46,100.31,101.47,100.99,101.28,101.45,101.45,100.99,100.99,101.28,Avg,9115.1,6.0,9.0,8.05,2026-06-05,7.882569599795,8.1284359109621,8.0179183287063,7.956509878955701,7.956509878955701,2.87,1523.5139035504,3.8690315869771,,,,,,,,,100.98658426006,,
135,2021-06-23,Moscow Exchange T+,100.81,101.4,59.00000000000034,,100.99,100.99,101.5,101.5,101.46,101.13,101.06,101.5,101.5,101.46,Avg,1014566.5,2.0,1000.0,8.05,2026-06-05,7.8370649772611,8.002721612023,7.852296446365201,7.8269173971259,7.8269173971259,2.65,1524.8093302351,3.8739554064682,,,,,,,,,97.112031576606,,
136,2021-06-22,Moscow Exchange T+,100.6,100.75,15.000000000000568,,100.75,100.6,100.75,100.6,100.72,100.75,100.75,100.6,100.6,100.72,Avg,13093.0,2.0,13.0,8.05,2026-06-05,8.025936811111901,8.0567004186511,8.0182536136175,8.0567004186511,8.0567004186511,2.43,1524.5821837341,3.866606125329,,,,,,,,,112.7296656855,,
137,2021-06-21,Moscow Exchange T+,100.75,100.84,9.000000000000341,,100.74,100.6,101.0,101.0,100.75,100.75,100.75,101.0,101.0,100.75,Avg,1277482.9,21.0,1268.0,8.05,2026-06-05,8.0184227662038,8.0184227662038,7.9954016722807,7.954543507143,7.954543507143,2.21,1525.6310518963,3.8695353940991,,,,,,,,,112.30965837763,,
138,2021-06-18,Moscow Exchange T+,100.51,100.65,14.000000000000057,,100.69,100.51,100.69,100.51,100.4,100.54,100.51,100.51,100.51,100.4,Avg,79449.1,7.0,79.0,8.05,2026-06-05,8.1088664634512,8.0806377024758,8.044770302218799,8.0806377024758,8.0806377024758,1.54,1528.04258428,3.8724095220613,,,,,,,,,124.8634463045,,
139,2021-06-17,Moscow Exchange T+,100.51,100.8,28.999999999999204,,100.5,100.49,100.73,100.73,100.51,100.51,100.51,100.68,100.68,100.51,Avg,5754994.6,17.0,5726.0,8.05,2026-06-05,8.0807841196076,8.0807841196076,8.006594009556501,8.0244756304093,8.0372584638018,1.32,1529.2253621027,3.8764138884044,,,,,,,,,117.1694556946,,
140,2021-06-16,Moscow Exchange T+,100.46,100.49,3.0000000000001137,,100.49,100.45,100.74,100.5,100.5,100.5,100.5,100.5,100.5,100.5,Avg,20754223.2,21.0,20651.0,8.05,2026-06-05,8.083493887238099,8.093746560582101,8.0860565403083,8.083493887238099,8.083493887238099,1.1,1530.2077275561,3.8788068258449,,,,,,,,,114.982582653,,
141,2021-06-15,Moscow Exchange T+,100.4,100.45,4.999999999999716,,100.4,100.3,100.64,100.4,100.53,100.53,100.53,100.4,100.4,100.53,Avg,871583.4,28.0,867.0,8.05,2026-06-05,8.0759587012201,8.1092721816556,8.096452433474099,8.1092721816556,8.1092721816556,0.88,1531.2567634078,3.8817365672734,,,,,,,,,121.21110811128,,
142,2021-06-14,Moscow Exchange T+,100.36,100.4,4.000000000000625,,100.49,100.4,100.49,100.4,100.41,100.37,,100.4,100.4,100.41,Avg,274129.4,18.0,273.0,8.05,2026-06-05,8.1068460073762,8.119667094215401,8.1094095367717,8.1094095367717,8.1094095367717,0.66,1532.0557363854,3.8826523309283,,,,,,,,,132.28898990871,,
143,2021-06-11,Moscow Exchange T+,100.11,100.42,31.000000000000227,,100.14,99.98,100.45,100.43,100.13,100.13,100.13,100.43,100.43,100.13,Avg,3465546.9,64.0,3461.0,8.05,2026-06-05,8.1790838512873,8.1842239250116,8.104707839922801,8.1021483108798,8.1021483108798,,1534.5853242478,3.8864660380035,,,,,,,,,138.85026662099,,
